ngram,count
able make truly,2
scrolling smooth saving,2
policy waiting android,2
quality improved feel,2
rate make scrolling,2
really nailed year,2
refresh rate make,2
revolutionary tablet pocket,2
samsungs build quality,2
samsungs display technology,2
samsungs fast charging,2
samsungs ui clunky,2
session performance throttling,2
adaptive refresh rate,2
smooth saving battery,2
stock android duplicate,2
tablet pocket change,2
taking note drawing,2
technology best industry,2
terrible barely make,2
turning desktop super,2
ui clunky compared,2
ultras mp camera,2
underrated turning desktop,2
phone bloatware need,2
performance throttling annoying,2
perfect landscape photography,2
pen functionality game,2
amoled screen stunning,2
android duplicate apps,2
barely make day,2
battery life terrible,2
best industry amoled,2
bloatware need app,2
build quality improved,2
camera insane really,2
camera perfect landscape,2
changer taking note,2
charging incredible minute,2
clunky compared stock,2
compared stock android,2
life terrible barely,2
make scrolling smooth,2
mp camera insane,2
nailed year samsunggalaxy,2
need app store,2
need improve update,2
option endless love,2
overheats gaming session,2
update policy waiting,2
